"Disease","Protein"
"1","Digestive System Diseases","CRTC1"
"2","Digestive System Diseases","BARX1"
"3","Digestive System Diseases","ALDH1A2"
"4","Bile Duct Diseases","FECH"
"5","Bile Duct Neoplasms","EGFR"
"6","Biliary Atresia","GPC1"
"7","Biliary Atresia","HAMP"
"8","Cholestasis","MIR875"
"9","Cholestasis","NR1H3"
"10","Cholestasis","SLC51B"
"11","Cholestasis","ABCC2"
"12","Cholestasis","MAPK14"
"13","Cholestasis","CYP7A1"
"14","Cholestasis","CYP8B1"
"15","Cholestasis","CYP27A1"
"16","Cholestasis","NQO1"
"17","Cholestasis","EGR1"
"18","Cholestasis","SLC51A"
"19","Cholestasis","FGA"
"20","Cholestasis","CXCL2"
"21","Cholestasis","ICAM1"
"22","Cholestasis","IGF1"
"23","Cholestasis","IL6"
"24","Cholestasis","CXCL8"
"25","Cholestasis","MIRLET7B"
"26","Cholestasis","MIRLET7I"
"27","Cholestasis","MIR130B"
"28","Cholestasis","MIR185"
"29","Cholestasis","MIR190A"
"30","Cholestasis","MIR218-1"
"31","Cholestasis","MIR24-1"
"32","Cholestasis","MIR27B"
"33","Cholestasis","MIR99A"
"34","Cholestasis","MIR337"
"35","Cholestasis","NFE2L2"
"36","Cholestasis","NOS2"
"37","Cholestasis","MIR361"
"38","Cholestasis","MIR377"
"39","Cholestasis","SERPINE1"
"40","Cholestasis","PDYN"
"41","Cholestasis","SERPINA1"
"42","Cholestasis","POMC"
"43","Cholestasis","MAPK13"
"44","Cholestasis","RDX"
"45","Cholestasis","RELA"
"46","Cholestasis","CCL7"
"47","Cholestasis","BLVRA"
"48","Cholestasis","SNAI1"
"49","Cholestasis","MIR411"
"50","Cholestasis","TNF"
"51","Cholestasis","NR1H2"
"52","Cholestasis","VCAM1"
"53","Cholestasis","HSD3B7"
"54","Cholestasis","ABCB11"
"55","Cholestasis","ABCC3"
"56","Cholestasis","F2RL3"
"57","Cholestasis","CYP7B1"
"58","Cholestasis","SLC23A2"
"59","Cholestasis","SLC23A1"
"60","Cholestasis","NR1H4"
"61","Cholestasis, Intrahepatic","AP1S1"
"62","Cholestasis, Intrahepatic","EGR1"
"63","Cholestasis, Intrahepatic","MAF"
"64","Cholestasis, Intrahepatic","MAFG"
"65","Cholestasis, Intrahepatic","ATP8B1"
"66","Cholestasis, Intrahepatic","ABCB11"
"67","Cholestasis, Intrahepatic","TJP2"
"68","Alagille Syndrome","JAG1"
"69","Alagille Syndrome","NOTCH2"
"70","Liver Cirrhosis, Biliary","IL12A-AS1"
"71","Liver Cirrhosis, Biliary","C6orf10"
"72","Liver Cirrhosis, Biliary","IKZF3"
"73","Liver Cirrhosis, Biliary","PLCL2"
"74","Liver Cirrhosis, Biliary","CLEC16A"
"75","Liver Cirrhosis, Biliary","TNPO3"
"76","Liver Cirrhosis, Biliary","IL12A"
"77","Liver Cirrhosis, Biliary","IL12RB1"
"78","Liver Cirrhosis, Biliary","IL12RB2"
"79","Liver Cirrhosis, Biliary","IRF5"
"80","Liver Cirrhosis, Biliary","NAB1"
"81","Liver Cirrhosis, Biliary","TIMMDC1"
"82","Liver Cirrhosis, Biliary","POU2AF1"
"83","Liver Cirrhosis, Biliary","RAD51B"
"84","Liver Cirrhosis, Biliary","SPIB"
"85","Liver Cirrhosis, Biliary","STAT4"
"86","Liver Cirrhosis, Biliary","TNFRSF1A"
"87","Liver Cirrhosis, Biliary","LINC01100"
"88","Liver Cirrhosis, Biliary","MMEL1"
"89","Liver Cirrhosis, Biliary","FBXL20"
"90","Liver Cirrhosis, Biliary","RPS6KA4"
"91","Liver Cirrhosis, Biliary","ELMO1"
"92","Liver Cirrhosis, Biliary","TNFSF15"
"93","Cholangitis","ABCB4"
"94","Cholangitis, Sclerosing","BCL2L11"
"95","Cholangitis, Sclerosing","HIF1A"
"96","Cholangitis, Sclerosing","MST1"
"97","Cholangitis, Sclerosing","NOS2"
"98","Cholangitis, Sclerosing","ABCB4"
"99","Choledocholithiasis","ASPG"
"100","Biliary Tract Neoplasms","ELF3"
"101","Biliary Tract Neoplasms","PRKACB"
"102","Gallbladder Neoplasms","EGFR"
"103","Gallbladder Neoplasms","ERBB2"
"104","Gallbladder Neoplasms","ERBB3"
"105","Gallbladder Neoplasms","ERBB4"
"106","Gallbladder Neoplasms","KRAS"
"107","Gallbladder Neoplasms","BCL2"
"108","Gallbladder Neoplasms","TP53"
"109","Gallbladder Neoplasms","UCHL1"
"110","Gallbladder Neoplasms","KEAP1"
"111","Cholelithiasis","ASPG"
"112","Cholelithiasis","ABCG5"
"113","Cholelithiasis","ABCG8"
"114","Cholecystolithiasis","ABCG5"
"115","Cholecystolithiasis","ABCG8"
"116","Gallstones","GNAS"
"117","Gallstones","HMGCR"
"118","Gallstones","ABCG8"
"119","Gallstones","CCK"
"120","Cholecystitis","ABCB4"
"121","Anus, Imperforate","PCSK5"
"122","Barrett Esophagus","CDH13"
"123","Barrett Esophagus","CYP26A1"
"124","Barrett Esophagus","CRTC1"
"125","Barrett Esophagus","GAST"
"126","Barrett Esophagus","HGF"
"127","Barrett Esophagus","CXCL8"
"128","Barrett Esophagus","MCL1"
"129","Barrett Esophagus","PPARG"
"130","Barrett Esophagus","RPRM"
"131","Barrett Esophagus","PTGS2"
"132","Barrett Esophagus","RELA"
"133","Barrett Esophagus","SLC9A1"
"134","Barrett Esophagus","SST"
"135","Barrett Esophagus","OR5V1"
"136","Barrett Esophagus","ALDH1A2"
"137","Barrett Esophagus","NR1I2"
"138","Hirschsprung Disease","HSCR9"
"139","Hirschsprung Disease","SEMA3C"
"140","Hirschsprung Disease","ECE1"
"141","Hirschsprung Disease","EDN3"
"142","Hirschsprung Disease","EDNRB"
"143","Hirschsprung Disease","SEMA3D"
"144","Hirschsprung Disease","HSCR6"
"145","Hirschsprung Disease","HSCR7"
"146","Hirschsprung Disease","GDNF"
"147","Hirschsprung Disease","NRG1"
"148","Hirschsprung Disease","L1CAM"
"149","Hirschsprung Disease","HSCR8"
"150","Hirschsprung Disease","HSCR5"
"151","Hirschsprung Disease","NRTN"
"152","Hirschsprung Disease","RET"
"153","Hirschsprung Disease","PHOX2B"
"154","Tracheoesophageal Fistula","PCSK5"
"155","Digestive System Neoplasms","GHSR"
"156","Digestive System Neoplasms","TYMS"
"157","Gastrointestinal Neoplasms","ERBB2"
"158","Gastrointestinal Neoplasms","HIC1"
"159","Gastrointestinal Neoplasms","APC"
"160","Gastrointestinal Neoplasms","GDF15"
"161","Esophageal Neoplasms","CDH13"
"162","Esophageal Neoplasms","CDKN2A"
"163","Esophageal Neoplasms","LZTS1"
"164","Esophageal Neoplasms","WIF1"
"165","Esophageal Neoplasms","AKAP13"
"166","Esophageal Neoplasms","ADH1B"
"167","Esophageal Neoplasms","ADH7"
"168","Esophageal Neoplasms","CRYAB"
"169","Esophageal Neoplasms","CSF3"
"170","Esophageal Neoplasms","SLC30A7"
"171","Esophageal Neoplasms","CYP19A1"
"172","Esophageal Neoplasms","CYP26A1"
"173","Esophageal Neoplasms","EGFR"
"174","Esophageal Neoplasms","ENO1"
"175","Esophageal Neoplasms","ERBB2"
"176","Esophageal Neoplasms","ALDH2"
"177","Esophageal Neoplasms","MARCH8"
"178","Esophageal Neoplasms","ALOX15"
"179","Esophageal Neoplasms","ABL1"
"180","Esophageal Neoplasms","GAPDH"
"181","Esophageal Neoplasms","MLH3"
"182","Esophageal Neoplasms","BBC3"
"183","Esophageal Neoplasms","GNG7"
"184","Esophageal Neoplasms","SFN"
"185","Esophageal Neoplasms","CXCL2"
"186","Esophageal Neoplasms","XIAP"
"187","Esophageal Neoplasms","AQP3"
"188","Esophageal Neoplasms","KDR"
"189","Esophageal Neoplasms","LGALS3"
"190","Esophageal Neoplasms","MIR145"
"191","Esophageal Neoplasms","MIR200C"
"192","Esophageal Neoplasms","MIR21"
"193","Esophageal Neoplasms","MAP3K3"
"194","Esophageal Neoplasms","MET"
"195","Esophageal Neoplasms","MMP14"
"196","Esophageal Neoplasms","MT1G"
"197","Esophageal Neoplasms","NOS2"
"198","Esophageal Neoplasms","NOS3"
"199","Esophageal Neoplasms","DEC1"
"200","Esophageal Neoplasms","GHRL"
"201","Esophageal Neoplasms","WWOX"
"202","Esophageal Neoplasms","ABCB1"
"203","Esophageal Neoplasms","PHB"
"204","Esophageal Neoplasms","RPRM"
"205","Esophageal Neoplasms","PTGS1"
"206","Esophageal Neoplasms","PTGS2"
"207","Esophageal Neoplasms","BAX"
"208","Esophageal Neoplasms","CCND1"
"209","Esophageal Neoplasms","BCL2"
"210","Esophageal Neoplasms","BCL2A1"
"211","Esophageal Neoplasms","ACTB"
"212","Esophageal Neoplasms","RNF6"
"213","Esophageal Neoplasms","SERPINB3"
"214","Esophageal Neoplasms","SNAI2"
"215","Esophageal Neoplasms","SOD2"
"216","Esophageal Neoplasms","SST"
"217","Esophageal Neoplasms","PRDX2"
"218","Esophageal Neoplasms","TGFBR2"
"219","Esophageal Neoplasms","TGM2"
"220","Esophageal Neoplasms","TP53"
"221","Esophageal Neoplasms","TPM1"
"222","Esophageal Neoplasms","TPM4"
"223","Esophageal Neoplasms","TUFM"
"224","Esophageal Neoplasms","UCHL1"
"225","Esophageal Neoplasms","XRCC3"
"226","Esophageal Neoplasms","CASP8"
"227","Esophageal Neoplasms","RUNX3"
"228","Esophageal Neoplasms","TNFRSF10A"
"229","Esophageal Neoplasms","NR1I2"
"230","Esophageal Neoplasms","DLEC1"
"231","Gastrointestinal Stromal Tumors","DMD"
"232","Gastrointestinal Stromal Tumors","KIT"
"233","Gastrointestinal Stromal Tumors","MTHFR"
"234","Gastrointestinal Stromal Tumors","MTRR"
"235","Gastrointestinal Stromal Tumors","PDGFRA"
"236","Gastrointestinal Stromal Tumors","SDHA"
"237","Gastrointestinal Stromal Tumors","SDHB"
"238","Gastrointestinal Stromal Tumors","SDHC"
"239","Intestinal Neoplasms","CDKN1A"
"240","Intestinal Neoplasms","CDKN1B"
"241","Intestinal Neoplasms","CTNNB1"
"242","Intestinal Neoplasms","APC"
"243","Intestinal Neoplasms","MUC2"
"244","Intestinal Neoplasms","PRKCA"
"245","Intestinal Neoplasms","PRKCD"
"246","Intestinal Neoplasms","BAX"
"247","Intestinal Neoplasms","BCL2"
"248","Intestinal Neoplasms","XPA"
"249","Intestinal Neoplasms","NR1H4"
"250","Cecal Neoplasms","CTNNB1"
"251","Cecal Neoplasms","KRAS"
"252","Cecal Neoplasms","KRT20"
"253","Cecal Neoplasms","CCND1"
"254","Adenomatous Polyposis Coli","CYP26A1"
"255","Adenomatous Polyposis Coli","AKT1"
"256","Adenomatous Polyposis Coli","FMO3"
"257","Adenomatous Polyposis Coli","GREM1"
"258","Adenomatous Polyposis Coli","APC"
"259","Adenomatous Polyposis Coli","MCC"
"260","Adenomatous Polyposis Coli","MUTYH"
"261","Adenomatous Polyposis Coli","NTHL1"
"262","Adenomatous Polyposis Coli","PTGS2"
"263","Adenomatous Polyposis Coli","SOD2"
"264","Gardner Syndrome","APC"
"265","Colorectal Neoplasms, Hereditary Nonpolyposis","MLH3"
"266","Colorectal Neoplasms, Hereditary Nonpolyposis","MSH6"
"267","Colorectal Neoplasms, Hereditary Nonpolyposis","APC"
"268","Colorectal Neoplasms, Hereditary Nonpolyposis","EPCAM"
"269","Colorectal Neoplasms, Hereditary Nonpolyposis","MLH1"
"270","Colorectal Neoplasms, Hereditary Nonpolyposis","MSH2"
"271","Colorectal Neoplasms, Hereditary Nonpolyposis","PMS2"
"272","Colorectal Neoplasms, Hereditary Nonpolyposis","TGFBR2"
"273","Anus Neoplasms","IFNB1"
"274","Stomach Neoplasms","CHEK2"
"275","Stomach Neoplasms","ZBTB20"
"276","Stomach Neoplasms","MUC1"
"277","Stomach Neoplasms","PLCE1"
"278","Stomach Neoplasms","PRKAA1"
"279","Liver Neoplasms","NAT2"
"280","Liver Neoplasms","TNK2"
"281","Liver Neoplasms","CDKN1B"
"282","Liver Neoplasms","CDKN2A"
"283","Liver Neoplasms","NDRG1"
"284","Liver Neoplasms","FST"
"285","Liver Neoplasms","YIF1A"
"286","Liver Neoplasms","CHN2"
"287","Liver Neoplasms","CIDEA"
"288","Liver Neoplasms","WDR17"
"289","Liver Neoplasms","DCD"
"290","Liver Neoplasms","TMEM132D"
"291","Liver Neoplasms","BTBD11"
"292","Liver Neoplasms","CCR4"
"293","Liver Neoplasms","SNHG11"
"294","Liver Neoplasms","PQLC3"
"295","Liver Neoplasms","CPT1B"
"296","Liver Neoplasms","CRABP1"
"297","Liver Neoplasms","MAPK14"
"298","Liver Neoplasms","CSF2"
"299","Liver Neoplasms","CSF3"
"300","Liver Neoplasms","CTNNB1"
"301","Liver Neoplasms","SLC38A9"
"302","Liver Neoplasms","CYP2E1"
"303","Liver Neoplasms","LINGO2"
"304","Liver Neoplasms","TTLL9"
"305","Liver Neoplasms","PRICKLE2"
"306","Liver Neoplasms","DACT2"
"307","Liver Neoplasms","ADAMTS17"
"308","Liver Neoplasms","HIGD2A"
"309","Liver Neoplasms","EFNB2"
"310","Liver Neoplasms","AHR"
"311","Liver Neoplasms","FLCN"
"312","Liver Neoplasms","ESR1"
"313","Liver Neoplasms","FHIT"
"314","Liver Neoplasms","TTC39A"
"315","Liver Neoplasms","WSCD1"
"316","Liver Neoplasms","NUDCD3"
"317","Liver Neoplasms","EXOSC2"
"318","Liver Neoplasms","HEBP2"
"319","Liver Neoplasms","ABL1"
"320","Liver Neoplasms","GJB1"
"321","Liver Neoplasms","GNMT"
"322","Liver Neoplasms","NUDT7"
"323","Liver Neoplasms","GPX3"
"324","Liver Neoplasms","GSTM1"
"325","Liver Neoplasms","SLC40A1"
"326","Liver Neoplasms","ANXA2"
"327","Liver Neoplasms","HCFC1"
"328","Liver Neoplasms","ANXA4"
"329","Liver Neoplasms","HGF"
"330","Liver Neoplasms","ANXA7"
"331","Liver Neoplasms","HMOX1"
"332","Liver Neoplasms","APCS"
"333","Liver Neoplasms","HRAS"
"334","Liver Neoplasms","GADL1"
"335","Liver Neoplasms","ZSCAN22"
"336","Liver Neoplasms","IFNA1"
"337","Liver Neoplasms","IGF2"
"338","Liver Neoplasms","IL2"
"339","Liver Neoplasms","IL12A"
"340","Liver Neoplasms","IL12B"
"341","Liver Neoplasms","ITIH1"
"342","Liver Neoplasms","JUN"
"343","Liver Neoplasms","SPATA21"
"344","Liver Neoplasms","KRAS"
"345","Liver Neoplasms","KRT8"
"346","Liver Neoplasms","KRT18"
"347","Liver Neoplasms","LTF"
"348","Liver Neoplasms","MIR29A"
"349","Liver Neoplasms","MYC"
"350","Liver Neoplasms","MYO5B"
"351","Liver Neoplasms","ATF3"
"352","Liver Neoplasms","NFE2L2"
"353","Liver Neoplasms","SLC11A2"
"354","Liver Neoplasms","SERPINE1"
"355","Liver Neoplasms","ZDHHC2"
"356","Liver Neoplasms","NOP16"
"357","Liver Neoplasms","PLS1"
"358","Liver Neoplasms","ATP7B"
"359","Liver Neoplasms","PPARA"
"360","Liver Neoplasms","PPARG"
"361","Liver Neoplasms","PRKCE"
"362","Liver Neoplasms","PSMA4"
"363","Liver Neoplasms","DPP10"
"364","Liver Neoplasms","PTPRO"
"365","Liver Neoplasms","RAF1"
"366","Liver Neoplasms","SCD"
"367","Liver Neoplasms","CLSTN2"
"368","Liver Neoplasms","ACOT1"
"369","Liver Neoplasms","SIX3"
"370","Liver Neoplasms","SRMS"
"371","Liver Neoplasms","BRAF"
"372","Liver Neoplasms","STAT3"
"373","Liver Neoplasms","TCF4"
"374","Liver Neoplasms","TGFA"
"375","Liver Neoplasms","TNF"
"376","Liver Neoplasms","TP53"
"377","Liver Neoplasms","TRIO"
"378","Liver Neoplasms","UGDH"
"379","Liver Neoplasms","DDX54"
"380","Liver Neoplasms","CCDC134"
"381","Liver Neoplasms","IFT88"
"382","Liver Neoplasms","PDRG1"
"383","Liver Neoplasms","RTP3"
"384","Liver Neoplasms","HSDL2"
"385","Liver Neoplasms","TNFSF10"
"386","Liver Neoplasms","HERC3"
"387","Liver Neoplasms","LARGE"
"388","Liver Neoplasms","PTER"
"389","Liver Neoplasms","NR1I3"
"390","Liver Neoplasms","NR1H4"
"391","Adenoma, Liver Cell","CDKN1B"
"392","Adenoma, Liver Cell","CTNNB1"
"393","Adenoma, Liver Cell","A2M"
"394","Adenoma, Liver Cell","HRAS"
"395","Adenoma, Liver Cell","NR1I3"
"396","Carcinoma, Hepatocellular","HOTAIR"
"397","Carcinoma, Hepatocellular","MICA"
"398","Carcinoma, Hepatocellular","CDH13"
"399","Carcinoma, Hepatocellular","LOC101929072"
"400","Carcinoma, Hepatocellular","CDKN1B"
"401","Carcinoma, Hepatocellular","CDKN2A"
"402","Carcinoma, Hepatocellular","CDKN3"
"403","Carcinoma, Hepatocellular","FST"
"404","Carcinoma, Hepatocellular","ATP5H"
"405","Carcinoma, Hepatocellular","CEBPA"
"406","Carcinoma, Hepatocellular","CEBPB"
"407","Carcinoma, Hepatocellular","CEBPD"
"408","Carcinoma, Hepatocellular","UBD"
"409","Carcinoma, Hepatocellular","HTATIP2"
"410","Carcinoma, Hepatocellular","IQGAP2"
"411","Carcinoma, Hepatocellular","ERP29"
"412","Carcinoma, Hepatocellular","COPS5"
"413","Carcinoma, Hepatocellular","PARK7"
"414","Carcinoma, Hepatocellular","THEM4"
"415","Carcinoma, Hepatocellular","ADD1"
"416","Carcinoma, Hepatocellular","JDP2"
"417","Carcinoma, Hepatocellular","CCR1"
"418","Carcinoma, Hepatocellular","COMT"
"419","Carcinoma, Hepatocellular","CP"
"420","Carcinoma, Hepatocellular","CRP"
"421","Carcinoma, Hepatocellular","CTNNB1"
"422","Carcinoma, Hepatocellular","CTSD"
"423","Carcinoma, Hepatocellular","CYLD"
"424","Carcinoma, Hepatocellular","CYP1A1"
"425","Carcinoma, Hepatocellular","CYP2E1"
"426","Carcinoma, Hepatocellular","CYP17A1"
"427","Carcinoma, Hepatocellular","ACE"
"428","Carcinoma, Hepatocellular","AKR1C2"
"429","Carcinoma, Hepatocellular","AFP"
"430","Carcinoma, Hepatocellular","DPYD"
"431","Carcinoma, Hepatocellular","E2F1"
"432","Carcinoma, Hepatocellular","EGF"
"433","Carcinoma, Hepatocellular","EGFR"
"434","Carcinoma, Hepatocellular","ARID2"
"435","Carcinoma, Hepatocellular","A2M"
"436","Carcinoma, Hepatocellular","ENO1"
"437","Carcinoma, Hepatocellular","EPHX1"
"438","Carcinoma, Hepatocellular","ESR1"
"439","Carcinoma, Hepatocellular","ETFA"
"440","Carcinoma, Hepatocellular","F2"
"441","Carcinoma, Hepatocellular","FABP5"
"442","Carcinoma, Hepatocellular","ACSL4"
"443","Carcinoma, Hepatocellular","FASN"
"444","Carcinoma, Hepatocellular","FBP1"
"445","Carcinoma, Hepatocellular","FDFT1"
"446","Carcinoma, Hepatocellular","FGF3"
"447","Carcinoma, Hepatocellular","FGF4"
"448","Carcinoma, Hepatocellular","SCAP"
"449","Carcinoma, Hepatocellular","FOXM1"
"450","Carcinoma, Hepatocellular","KIF1B"
"451","Carcinoma, Hepatocellular","FOS"
"452","Carcinoma, Hepatocellular","MTOR"
"453","Carcinoma, Hepatocellular","GAPDH"
"454","Carcinoma, Hepatocellular","GDF2"
"455","Carcinoma, Hepatocellular","GJB1"
"456","Carcinoma, Hepatocellular","GPC3"
"457","Carcinoma, Hepatocellular","GNMT"
"458","Carcinoma, Hepatocellular","GLUL"
"459","Carcinoma, Hepatocellular","SFN"
"460","Carcinoma, Hepatocellular","GRIK1"
"461","Carcinoma, Hepatocellular","PYCARD"
"462","Carcinoma, Hepatocellular","CD274"
"463","Carcinoma, Hepatocellular","PDIA3"
"464","Carcinoma, Hepatocellular","GSTM1"
"465","Carcinoma, Hepatocellular","GSTP1"
"466","Carcinoma, Hepatocellular","ANXA4"
"467","Carcinoma, Hepatocellular","HGF"
"468","Carcinoma, Hepatocellular","HGFAC"
"469","Carcinoma, Hepatocellular","ACACA"
"470","Carcinoma, Hepatocellular","HMGB2"
"471","Carcinoma, Hepatocellular","HMGCR"
"472","Carcinoma, Hepatocellular","APC"
"473","Carcinoma, Hepatocellular","APCS"
"474","Carcinoma, Hepatocellular","HRAS"
"475","Carcinoma, Hepatocellular","APEX1"
"476","Carcinoma, Hepatocellular","HSD3B2"
"477","Carcinoma, Hepatocellular","HSPA5"
"478","Carcinoma, Hepatocellular","HSPA9"
"479","Carcinoma, Hepatocellular","HSPB1"
"480","Carcinoma, Hepatocellular","BIRC5"
"481","Carcinoma, Hepatocellular","APOA1"
"482","Carcinoma, Hepatocellular","IDH1"
"483","Carcinoma, Hepatocellular","IFNA1"
"484","Carcinoma, Hepatocellular","IGBP1"
"485","Carcinoma, Hepatocellular","IGF1R"
"486","Carcinoma, Hepatocellular","IGF2"
"487","Carcinoma, Hepatocellular","IGF2R"
"488","Carcinoma, Hepatocellular","CYR61"
"489","Carcinoma, Hepatocellular","IL6"
"490","Carcinoma, Hepatocellular","CXCL8"
"491","Carcinoma, Hepatocellular","IRF2"
"492","Carcinoma, Hepatocellular","IRS1"
"493","Carcinoma, Hepatocellular","AR"
"494","Carcinoma, Hepatocellular","ITIH3"
"495","Carcinoma, Hepatocellular","JUN"
"496","Carcinoma, Hepatocellular","KRAS"
"497","Carcinoma, Hepatocellular","LETM1"
"498","Carcinoma, Hepatocellular","MIR122"
"499","Carcinoma, Hepatocellular","MAT1A"
"500","Carcinoma, Hepatocellular","ME1"
"501","Carcinoma, Hepatocellular","MET"
"502","Carcinoma, Hepatocellular","KMT2A"
"503","Carcinoma, Hepatocellular","MMP2"
"504","Carcinoma, Hepatocellular","MMP9"
"505","Carcinoma, Hepatocellular","MPO"
"506","Carcinoma, Hepatocellular","MT1A"
"507","Carcinoma, Hepatocellular","MT2A"
"508","Carcinoma, Hepatocellular","MVK"
"509","Carcinoma, Hepatocellular","MYC"
"510","Carcinoma, Hepatocellular","ACLY"
"511","Carcinoma, Hepatocellular","ATM"
"512","Carcinoma, Hepatocellular","NFE2L2"
"513","Carcinoma, Hepatocellular","NFKBIA"
"514","Carcinoma, Hepatocellular","NME1"
"515","Carcinoma, Hepatocellular","ACO2"
"516","Carcinoma, Hepatocellular","ACOX1"
"517","Carcinoma, Hepatocellular","PCK1"
"518","Carcinoma, Hepatocellular","MLXIPL"
"519","Carcinoma, Hepatocellular","MBTPS2"
"520","Carcinoma, Hepatocellular","PDGFB"
"521","Carcinoma, Hepatocellular","PDGFRL"
"522","Carcinoma, Hepatocellular","CDK14"
"523","Carcinoma, Hepatocellular","PGD"
"524","Carcinoma, Hepatocellular","PGK1"
"525","Carcinoma, Hepatocellular","ABCB1"
"526","Carcinoma, Hepatocellular","ABCB4"
"527","Carcinoma, Hepatocellular","PHB"
"528","Carcinoma, Hepatocellular","SERPINA1"
"529","Carcinoma, Hepatocellular","SERPINA4"
"530","Carcinoma, Hepatocellular","PIK3CA"
"531","Carcinoma, Hepatocellular","PKM"
"532","Carcinoma, Hepatocellular","PKP1"
"533","Carcinoma, Hepatocellular","PPARG"
"534","Carcinoma, Hepatocellular","MED1"
"535","Carcinoma, Hepatocellular","PPP1R1A"
"536","Carcinoma, Hepatocellular","EAF2"
"537","Carcinoma, Hepatocellular","AKR1B10"
"538","Carcinoma, Hepatocellular","PTGS2"
"539","Carcinoma, Hepatocellular","PTK2"
"540","Carcinoma, Hepatocellular","ARID1B"
"541","Carcinoma, Hepatocellular","MTUS1"
"542","Carcinoma, Hepatocellular","PYGL"
"543","Carcinoma, Hepatocellular","KMT2C"
"544","Carcinoma, Hepatocellular","RAC1"
"545","Carcinoma, Hepatocellular","RARA"
"546","Carcinoma, Hepatocellular","RB1"
"547","Carcinoma, Hepatocellular","CCND1"
"548","Carcinoma, Hepatocellular","BCL2L1"
"549","Carcinoma, Hepatocellular","ACTB"
"550","Carcinoma, Hepatocellular","RPS6"
"551","Carcinoma, Hepatocellular","RPS6KA3"
"552","Carcinoma, Hepatocellular","RRM1"
"553","Carcinoma, Hepatocellular","RRM2"
"554","Carcinoma, Hepatocellular","SCD"
"555","Carcinoma, Hepatocellular","CCL3"
"556","Carcinoma, Hepatocellular","BID"
"557","Carcinoma, Hepatocellular","CXCL12"
"558","Carcinoma, Hepatocellular","HHIP"
"559","Carcinoma, Hepatocellular","SKP2"
"560","Carcinoma, Hepatocellular","SLC2A1"
"561","Carcinoma, Hepatocellular","SLC2A2"
"562","Carcinoma, Hepatocellular","SLC5A5"
"563","Carcinoma, Hepatocellular","SOD2"
"564","Carcinoma, Hepatocellular","SREBF1"
"565","Carcinoma, Hepatocellular","SREBF2"
"566","Carcinoma, Hepatocellular","STAT1"
"567","Carcinoma, Hepatocellular","STAT4"
"568","Carcinoma, Hepatocellular","TALDO1"
"569","Carcinoma, Hepatocellular","MIR615"
"570","Carcinoma, Hepatocellular","PRDX2"
"571","Carcinoma, Hepatocellular","TERT"
"572","Carcinoma, Hepatocellular","TGFA"
"573","Carcinoma, Hepatocellular","TGFB1"
"574","Carcinoma, Hepatocellular","TH"
"575","Carcinoma, Hepatocellular","TP53"
"576","Carcinoma, Hepatocellular","TSC1"
"577","Carcinoma, Hepatocellular","TST"
"578","Carcinoma, Hepatocellular","TYMS"
"579","Carcinoma, Hepatocellular","UCHL1"
"580","Carcinoma, Hepatocellular","C9"
"581","Carcinoma, Hepatocellular","UMPS"
"582","Carcinoma, Hepatocellular","NR1H2"
"583","Carcinoma, Hepatocellular","VCAM1"
"584","Carcinoma, Hepatocellular","ZNF23"
"585","Carcinoma, Hepatocellular","CA2"
"586","Carcinoma, Hepatocellular","BTG2"
"587","Carcinoma, Hepatocellular","TFPI2"
"588","Carcinoma, Hepatocellular","CD276"
"589","Carcinoma, Hepatocellular","ARID1A"
"590","Carcinoma, Hepatocellular","AXIN1"
"591","Carcinoma, Hepatocellular","RTP3"
"592","Carcinoma, Hepatocellular","SPRTN"
"593","Carcinoma, Hepatocellular","TATDN1"
"594","Carcinoma, Hepatocellular","TAGLN2"
"595","Carcinoma, Hepatocellular","CASP8"
"596","Carcinoma, Hepatocellular","NR0B2"
"597","Carcinoma, Hepatocellular","IRS2"
"598","Carcinoma, Hepatocellular","EIF3H"
"599","Carcinoma, Hepatocellular","PNPT1"
"600","Carcinoma, Hepatocellular","MBTPS1"
"601","Carcinoma, Hepatocellular","CBR1"
"602","Carcinoma, Hepatocellular","TNFSF10"
"603","Carcinoma, Hepatocellular","TRIM24"
"604","Carcinoma, Hepatocellular","IQGAP1"
"605","Carcinoma, Hepatocellular","CCNA1"
"606","Carcinoma, Hepatocellular","CCNE1"
"607","Carcinoma, Hepatocellular","FATE1"
"608","Carcinoma, Hepatocellular","SOCS3"
"609","Carcinoma, Hepatocellular","USP2"
"610","Carcinoma, Hepatocellular","SLIT2"
"611","Carcinoma, Hepatocellular","ADAMTS1"
"612","Carcinoma, Hepatocellular","GDF15"
"613","Carcinoma, Hepatocellular","PRDX6"
"614","Carcinoma, Hepatocellular","DEPDC5"
"615","Carcinoma, Hepatocellular","KMT2B"
"616","Carcinoma, Hepatocellular","FGF19"
"617","Carcinoma, Hepatocellular","NR1H4"
"618","Pancreatic Neoplasms","MSLN"
"619","Pancreatic Neoplasms","CDKN2A"
"620","Pancreatic Neoplasms","IL24"
"621","Pancreatic Neoplasms","CLPTM1"
"622","Pancreatic Neoplasms","CNR1"
"623","Pancreatic Neoplasms","CNR2"
"624","Pancreatic Neoplasms","CTNNB1"
"625","Pancreatic Neoplasms","DAXX"
"626","Pancreatic Neoplasms","GADD45A"
"627","Pancreatic Neoplasms","DPYD"
"628","Pancreatic Neoplasms","TYMP"
"629","Pancreatic Neoplasms","AHR"
"630","Pancreatic Neoplasms","SLC29A1"
"631","Pancreatic Neoplasms","EFEMP1"
"632","Pancreatic Neoplasms","FGF13"
"633","Pancreatic Neoplasms","PALLD"
"634","Pancreatic Neoplasms","NR5A2"
"635","Pancreatic Neoplasms","GAGE1"
"636","Pancreatic Neoplasms","FOXP1"
"637","Pancreatic Neoplasms","ABO"
"638","Pancreatic Neoplasms","HIF1A"
"639","Pancreatic Neoplasms","IFNA1"
"640","Pancreatic Neoplasms","IFNA2"
"641","Pancreatic Neoplasms","IFNA5"
"642","Pancreatic Neoplasms","CXCL8"
"643","Pancreatic Neoplasms","PDX1"
"644","Pancreatic Neoplasms","KDR"
"645","Pancreatic Neoplasms","KRAS"
"646","Pancreatic Neoplasms","LY6E"
"647","Pancreatic Neoplasms","EPCAM"
"648","Pancreatic Neoplasms","MEN1"
"649","Pancreatic Neoplasms","MMP9"
"650","Pancreatic Neoplasms","MYC"
"651","Pancreatic Neoplasms","ATM"
"652","Pancreatic Neoplasms","NFKBIA"
"653","Pancreatic Neoplasms","PLAU"
"654","Pancreatic Neoplasms","FXYD3"
"655","Pancreatic Neoplasms","ETAA1"
"656","Pancreatic Neoplasms","ATRX"
"657","Pancreatic Neoplasms","PPARG"
"658","Pancreatic Neoplasms","PTCH1"
"659","Pancreatic Neoplasms","PTEN"
"660","Pancreatic Neoplasms","PTGS2"
"661","Pancreatic Neoplasms","PTHLH"
"662","Pancreatic Neoplasms","RAP1GAP"
"663","Pancreatic Neoplasms","RB1"
"664","Pancreatic Neoplasms","BCL2L1"
"665","Pancreatic Neoplasms","SOD2"
"666","Pancreatic Neoplasms","SPINK1"
"667","Pancreatic Neoplasms","BRCA1"
"668","Pancreatic Neoplasms","BRCA2"
"669","Pancreatic Neoplasms","SST"
"670","Pancreatic Neoplasms","SSTR1"
"671","Pancreatic Neoplasms","SSTR2"
"672","Pancreatic Neoplasms","SSTR3"
"673","Pancreatic Neoplasms","STAT3"
"674","Pancreatic Neoplasms","STK11"
"675","Pancreatic Neoplasms","SYCP1"
"676","Pancreatic Neoplasms","KLF5"
"677","Pancreatic Neoplasms","TERT"
"678","Pancreatic Neoplasms","TGFB1"
"679","Pancreatic Neoplasms","TNF"
"680","Pancreatic Neoplasms","TP53"
"681","Pancreatic Neoplasms","TSC2"
"682","Pancreatic Neoplasms","TYMS"
"683","Pancreatic Neoplasms","VEGFB"
"684","Pancreatic Neoplasms","WT1"
"685","Pancreatic Neoplasms","MANF"
"686","Pancreatic Neoplasms","PALB2"
"687","Pancreatic Neoplasms","SUGCT"
"688","Pancreatic Neoplasms","TFPI2"
"689","Pancreatic Neoplasms","ZNRF3"
"690","Pancreatic Neoplasms","TP63"
"691","Pancreatic Neoplasms","TNFSF10"
"692","Pancreatic Neoplasms","TNFRSF10B"
"693","Pancreatic Neoplasms","NRP1"
"694","Pancreatic Neoplasms","CFLAR"
"695","Pancreatic Neoplasms","BCAR1"
"696","Pancreatic Neoplasms","CD44"
"697","Pancreatic Neoplasms","CDH1"
"698","Insulinoma","ITS"
"699","Insulinoma","MEN1"
"700","Gastrinoma","MEN1"
"701","Glucagonoma","MEN1"
"702","Vipoma","IFNA1"
"703","Vipoma","MEN1"
"704","Vipoma","SST"
"705","Carcinoma, Pancreatic Ductal","MSLN"
"706","Carcinoma, Pancreatic Ductal","CDKN2A"
"707","Carcinoma, Pancreatic Ductal","NDRG1"
"708","Carcinoma, Pancreatic Ductal","JAG1"
"709","Carcinoma, Pancreatic Ductal","DTX1"
"710","Carcinoma, Pancreatic Ductal","AGTR1"
"711","Carcinoma, Pancreatic Ductal","DTX4"
"712","Carcinoma, Pancreatic Ductal","HEY1"
"713","Carcinoma, Pancreatic Ductal","HEY2"
"714","Carcinoma, Pancreatic Ductal","HES1"
"715","Carcinoma, Pancreatic Ductal","HSPA1A"
"716","Carcinoma, Pancreatic Ductal","HSPA1B"
"717","Carcinoma, Pancreatic Ductal","JAG2"
"718","Carcinoma, Pancreatic Ductal","ARG2"
"719","Carcinoma, Pancreatic Ductal","KRAS"
"720","Carcinoma, Pancreatic Ductal","NFE2L2"
"721","Carcinoma, Pancreatic Ductal","NOTCH1"
"722","Carcinoma, Pancreatic Ductal","NOTCH3"
"723","Carcinoma, Pancreatic Ductal","NOTCH4"
"724","Carcinoma, Pancreatic Ductal","VEGFA"
"725","Gastrointestinal Diseases","ABCC2"
"726","Gastrointestinal Diseases","CSF3"
"727","Gastrointestinal Diseases","EDN1"
"728","Gastrointestinal Diseases","GAST"
"729","Gastrointestinal Diseases","MTHFR"
"730","Gastrointestinal Diseases","MTR"
"731","Gastrointestinal Diseases","MYLK"
"732","Gastrointestinal Diseases","NFE2L2"
"733","Gastrointestinal Diseases","POMC"
"734","Gastrointestinal Diseases","CHD8"
"735","Gastrointestinal Diseases","CCK"
"736","Gastrointestinal Diseases","KEAP1"
"737","Esophageal Diseases","TRPV1"
"738","Deglutition Disorders","TSEN54"
"739","Deglutition Disorders","TSEN34"
"740","Deglutition Disorders","TSEN2"
"741","Deglutition Disorders","MEGF10"
"742","Esophageal Achalasia","HLA-DQA1"
"743","Esophageal Achalasia","HLA-DQB1"
"744","Gastroesophageal Reflux","ABAT"
"745","Gastroesophageal Reflux","CXCL8"
"746","Gastroesophageal Reflux","PTGS2"
"747","Gastroesophageal Reflux","GER"
"748","Gastroesophageal Reflux","TAC1"
"749","Esophageal and Gastric Varices","SST"
"750","Esophageal Stenosis","SOD2"
"751","Esophagitis","PGA5"
"752","Esophagitis","SOD2"
"753","Esophagitis","TRPV1"
"754","Eosinophilic Esophagitis","EOE1"
"755","Eosinophilic Esophagitis","EOE2"
"756","Eosinophilic Esophagitis","CCL26"
"757","Eosinophilic Esophagitis","HSF2BP"
"758","Eosinophilic Esophagitis","IFFO2"
"759","Eosinophilic Esophagitis","DCC"
"760","Eosinophilic Esophagitis","RRP1B"
"761","Eosinophilic Esophagitis","XKR6"
"762","Eosinophilic Esophagitis","CAPN14"
"763","Eosinophilic Esophagitis","C11orf30"
"764","Eosinophilic Esophagitis","KIF17"
"765","Eosinophilic Esophagitis","SHROOM3"
"766","Eosinophilic Esophagitis","CCDC81"
"767","Eosinophilic Esophagitis","STAT6"
"768","Eosinophilic Esophagitis","TIMP2"
"769","Eosinophilic Esophagitis","CAPN5"
"770","Eosinophilic Esophagitis","ANKRD27"
"771","Eosinophilic Esophagitis","TSLP"
"772","Eosinophilic Esophagitis","PPAP2B"
"773","Eosinophilic Esophagitis","P2RX6"
"774","Esophagitis, Peptic","CXCL8"
"775","Gastroenteritis","F2RL1"
"776","Appendicitis","IFNG"
"777","Appendicitis","IL10"
"778","Colitis","NAMPT"
"779","Colitis","SIRT1"
"780","Colitis","ALOX5"
"781","Colitis","GCG"
"782","Colitis","HMOX1"
"783","Colitis","IFNG"
"784","Colitis","IGF1"
"785","Colitis","IL1B"
"786","Colitis","IL4"
"787","Colitis","IL6"
"788","Colitis","IL10"
"789","Colitis","IL17A"
"790","Colitis","MIF"
"791","Colitis","MPO"
"792","Colitis","NOS2"
"793","Colitis","GHRL"
"794","Colitis","PTGS2"
"795","Colitis","RELA"
"796","Colitis","SRC"
"797","Colitis","ADAM17"
"798","Colitis","TIMP3"
"799","Colitis","TNF"
"800","Colitis","TST"
"801","Colitis","MADCAM1"
"802","Colitis, Ulcerative","CDH3"
"803","Colitis, Ulcerative","IBD11"
"804","Colitis, Ulcerative","RTEL1-TNFRSF6B"
"805","Colitis, Ulcerative","C5orf66"
"806","Colitis, Ulcerative","LOC100996583"
"807","Colitis, Ulcerative","ARPC2"
"808","Colitis, Ulcerative","LINC01475"
"809","Colitis, Ulcerative","IKZF1"
"810","Colitis, Ulcerative","PROCR"
"811","Colitis, Ulcerative","MASP2"
"812","Colitis, Ulcerative","CHP1"
"813","Colitis, Ulcerative","PARK7"
"814","Colitis, Ulcerative","NXPE1"
"815","Colitis, Ulcerative","CCR6"
"816","Colitis, Ulcerative","ADAD1"
"817","Colitis, Ulcerative","ZFP90"
"818","Colitis, Ulcerative","IL23R"
"819","Colitis, Ulcerative","PUS10"
"820","Colitis, Ulcerative","NKX2-3"
"821","Colitis, Ulcerative","DAP"
"822","Colitis, Ulcerative","DEFA5"
"823","Colitis, Ulcerative","DEFA6"
"824","Colitis, Ulcerative","SLC26A3"
"825","Colitis, Ulcerative","ECM1"
"826","Colitis, Ulcerative","SLC39A11"
"827","Colitis, Ulcerative","CCNY"
"828","Colitis, Ulcerative","FCGR2A"
"829","Colitis, Ulcerative","KIF21B"
"830","Colitis, Ulcerative","OTUD3"
"831","Colitis, Ulcerative","ICOSLG"
"832","Colitis, Ulcerative","NR5A2"
"833","Colitis, Ulcerative","GNA12"
"834","Colitis, Ulcerative","HLA-DQA1"
"835","Colitis, Ulcerative","HLA-DRB1"
"836","Colitis, Ulcerative","HNF4A"
"837","Colitis, Ulcerative","APEH"
"838","Colitis, Ulcerative","ICAM1"
"839","Colitis, Ulcerative","IRGM"
"840","Colitis, Ulcerative","IL1B"
"841","Colitis, Ulcerative","IL7R"
"842","Colitis, Ulcerative","CXCL8"
"843","Colitis, Ulcerative","CXCR1"
"844","Colitis, Ulcerative","CXCR2"
"845","Colitis, Ulcerative","IL10"
"846","Colitis, Ulcerative","IL12B"
"847","Colitis, Ulcerative","IRF5"
"848","Colitis, Ulcerative","ITGAL"
"849","Colitis, Ulcerative","JAK2"
"850","Colitis, Ulcerative","LAMB1"
"851","Colitis, Ulcerative","IL17REL"
"852","Colitis, Ulcerative","LSP1"
"853","Colitis, Ulcerative","LTF"
"854","Colitis, Ulcerative","MMP9"
"855","Colitis, Ulcerative","MPO"
"856","Colitis, Ulcerative","MST1"
"857","Colitis, Ulcerative","MUC3A"
"858","Colitis, Ulcerative","NFKB1"
"859","Colitis, Ulcerative","SFMBT1"
"860","Colitis, Ulcerative","GHRL"
"861","Colitis, Ulcerative","RTEL1"
"862","Colitis, Ulcerative","PLCL1"
"863","Colitis, Ulcerative","CCHCR1"
"864","Colitis, Ulcerative","RNF186"
"865","Colitis, Ulcerative","C1orf106"
"866","Colitis, Ulcerative","IL26"
"867","Colitis, Ulcerative","GSDMB"
"868","Colitis, Ulcerative","PTGIR"
"869","Colitis, Ulcerative","PTPN2"
"870","Colitis, Ulcerative","PTPRC"
"871","Colitis, Ulcerative","RELA"
"872","Colitis, Ulcerative","CFB"
"873","Colitis, Ulcerative","CCL20"
"874","Colitis, Ulcerative","PRDM1"
"875","Colitis, Ulcerative","NOD2"
"876","Colitis, Ulcerative","CARD9"
"877","Colitis, Ulcerative","LINC00598"
"878","Colitis, Ulcerative","MROH3P"
"879","Colitis, Ulcerative","SLC11A1"
"880","Colitis, Ulcerative","STAT3"
"881","Colitis, Ulcerative","TNF"
"882","Colitis, Ulcerative","VCAM1"
"883","Colitis, Ulcerative","IL1R2"
"884","Colitis, Ulcerative","C21orf33"
"885","Colitis, Ulcerative","CASP3"
"886","Colitis, Ulcerative","MAML2"
"887","Colitis, Ulcerative","PSMG1"
"888","Colitis, Ulcerative","RIPK2"
"889","Colitis, Ulcerative","IL18RAP"
"890","Colitis, Ulcerative","SPHK1"
"891","Colitis, Ulcerative","HERC2"
"892","Colitis, Ulcerative","BSN"
"893","Colitis, Ulcerative","ORMDL3"
"894","Colitis, Ulcerative","TNFSF15"
"895","Colitis, Ulcerative","CDH1"
"896","Enteritis","TNFSF15"
"897","Ileitis","ITGAM"
"898","Enterocolitis","IL10"
"899","Enterocolitis","NLRC4"
"900","Enterocolitis, Necrotizing","AKR1A1"
"901","Enterocolitis, Necrotizing","PARK7"
"902","Enterocolitis, Necrotizing","HBEGF"
"903","Enterocolitis, Necrotizing","ENO1"
"904","Enterocolitis, Necrotizing","ALDH2"
"905","Enterocolitis, Necrotizing","HSPA9"
"906","Enterocolitis, Necrotizing","SNAI3"
"907","Enterocolitis, Necrotizing","ACADM"
"908","Enterocolitis, Necrotizing","LGALS2"
"909","Enterocolitis, Necrotizing","LTF"
"910","Enterocolitis, Necrotizing","NOS2"
"911","Enterocolitis, Necrotizing","NOS3"
"912","Enterocolitis, Necrotizing","OAT"
"913","Enterocolitis, Necrotizing","CRYL1"
"914","Enterocolitis, Necrotizing","SOD2"
"915","Enterocolitis, Necrotizing","SORD"
"916","Enterocolitis, Necrotizing","TLR4"
"917","Gastritis, Atrophic","IL1B"
"918","Inflammatory Bowel Diseases","RPSAP35"
"919","Inflammatory Bowel Diseases","MIR6727"
"920","Inflammatory Bowel Diseases","APC2"
"921","Inflammatory Bowel Diseases","RGS14"
"922","Inflammatory Bowel Diseases","CD226"
"923","Inflammatory Bowel Diseases","ADCY3"
"924","Inflammatory Bowel Diseases","CCDC85B"
"925","Inflammatory Bowel Diseases","CDC37"
"926","Inflammatory Bowel Diseases","RASSF1"
"927","Inflammatory Bowel Diseases","ATXN2L"
"928","Inflammatory Bowel Diseases","PARK7"
"929","Inflammatory Bowel Diseases","PUSL1"
"930","Inflammatory Bowel Diseases","ZNF831"
"931","Inflammatory Bowel Diseases","MAP3K8"
"932","Inflammatory Bowel Diseases","IL23R"
"933","Inflammatory Bowel Diseases","HORMAD2"
"934","Inflammatory Bowel Diseases","PUS10"
"935","Inflammatory Bowel Diseases","DAP"
"936","Inflammatory Bowel Diseases","DENND1B"
"937","Inflammatory Bowel Diseases","DEFA5"
"938","Inflammatory Bowel Diseases","DEFB4A"
"939","Inflammatory Bowel Diseases","IBD8"
"940","Inflammatory Bowel Diseases","DNMT3B"
"941","Inflammatory Bowel Diseases","GPR183"
"942","Inflammatory Bowel Diseases","FCGR2A"
"943","Inflammatory Bowel Diseases","FOSL2"
"944","Inflammatory Bowel Diseases","IL27"
"945","Inflammatory Bowel Diseases","IPMK"
"946","Inflammatory Bowel Diseases","PNKD"
"947","Inflammatory Bowel Diseases","PTPN22"
"948","Inflammatory Bowel Diseases","MUC19"
"949","Inflammatory Bowel Diseases","GPR35"
"950","Inflammatory Bowel Diseases","IBD3"
"951","Inflammatory Bowel Diseases","IBD9"
"952","Inflammatory Bowel Diseases","APC"
"953","Inflammatory Bowel Diseases","IBD2"
"954","Inflammatory Bowel Diseases","UBAC2"
"955","Inflammatory Bowel Diseases","IRGM"
"956","Inflammatory Bowel Diseases","IL2RA"
"957","Inflammatory Bowel Diseases","IL6"
"958","Inflammatory Bowel Diseases","IL10"
"959","Inflammatory Bowel Diseases","FLJ31356"
"960","Inflammatory Bowel Diseases","LSP1"
"961","Inflammatory Bowel Diseases","SMAD3"
"962","Inflammatory Bowel Diseases","C10orf55"
"963","Inflammatory Bowel Diseases","C5orf56"
"964","Inflammatory Bowel Diseases","MST1"
"965","Inflammatory Bowel Diseases","IBD4"
"966","Inflammatory Bowel Diseases","IBD5"
"967","Inflammatory Bowel Diseases","IBD6"
"968","Inflammatory Bowel Diseases","TUBD1"
"969","Inflammatory Bowel Diseases","HDAC7"
"970","Inflammatory Bowel Diseases","PLAU"
"971","Inflammatory Bowel Diseases","CDKAL1"
"972","Inflammatory Bowel Diseases","CPSF3L"
"973","Inflammatory Bowel Diseases","ATG16L1"
"974","Inflammatory Bowel Diseases","C1orf106"
"975","Inflammatory Bowel Diseases","PRKCB"
"976","Inflammatory Bowel Diseases","IBD7"
"977","Inflammatory Bowel Diseases","ZMIZ1"
"978","Inflammatory Bowel Diseases","PTGS2"
"979","Inflammatory Bowel Diseases","PTPN2"
"980","Inflammatory Bowel Diseases","RIT1"
"981","Inflammatory Bowel Diseases","BACH2"
"982","Inflammatory Bowel Diseases","RORC"
"983","Inflammatory Bowel Diseases","THADA"
"984","Inflammatory Bowel Diseases","TMBIM1"
"985","Inflammatory Bowel Diseases","NOD2"
"986","Inflammatory Bowel Diseases","ERAP2"
"987","Inflammatory Bowel Diseases","CARD9"
"988","Inflammatory Bowel Diseases","SFRP1"
"989","Inflammatory Bowel Diseases","SFRP2"
"990","Inflammatory Bowel Diseases","CXCR5"
"991","Inflammatory Bowel Diseases","TRAF3IP2-AS1"
"992","Inflammatory Bowel Diseases","LINC00598"
"993","Inflammatory Bowel Diseases","CRTC3"
"994","Inflammatory Bowel Diseases","SLC11A1"
"995","Inflammatory Bowel Diseases","SLC22A4"
"996","Inflammatory Bowel Diseases","STAT3"
"997","Inflammatory Bowel Diseases","STAT4"
"998","Inflammatory Bowel Diseases","TNF"
"999","Inflammatory Bowel Diseases","UBE2L3"
"1000","Inflammatory Bowel Diseases","NDFIP1"
"1001","Inflammatory Bowel Diseases","DUSP16"
"1002","Inflammatory Bowel Diseases","TSPAN14"
"1003","Inflammatory Bowel Diseases","C21orf33"
"1004","Inflammatory Bowel Diseases","SYN3"
"1005","Inflammatory Bowel Diseases","KIAA1109"
"1006","Inflammatory Bowel Diseases","CUL2"
"1007","Inflammatory Bowel Diseases","ZGPAT"
"1008","Inflammatory Bowel Diseases","GPR65"
"1009","Inflammatory Bowel Diseases","IL18RAP"
"1010","Inflammatory Bowel Diseases","VNN1"
"1011","Inflammatory Bowel Diseases","FIBP"
"1012","Inflammatory Bowel Diseases","ZNF300"
"1013","Inflammatory Bowel Diseases","CD6"
"1014","Inflammatory Bowel Diseases","DLG5"
"1015","Inflammatory Bowel Diseases","LPXN"
"1016","Inflammatory Bowel Diseases","TM9SF4"
"1017","Inflammatory Bowel Diseases","TNFSF15"
"1018","Crohn Disease","PSORS1C3"
"1019","Crohn Disease","SCAMP3"
"1020","Crohn Disease","LINC00492"
"1021","Crohn Disease","LINC01475"
"1022","Crohn Disease","LOC101929163"
"1023","Crohn Disease","LOC102723878"
"1024","Crohn Disease","PHTF1"
"1025","Crohn Disease","FGFR1OP"
"1026","Crohn Disease","SP140"
"1027","Crohn Disease","NLRP3"
"1028","Crohn Disease","TAGAP"
"1029","Crohn Disease","CLN3"
"1030","Crohn Disease","CRP"
"1031","Crohn Disease","LACC1"
"1032","Crohn Disease","IL23R"
"1033","Crohn Disease","PUS10"
"1034","Crohn Disease","GPBAR1"
"1035","Crohn Disease","SBSPON"
"1036","Crohn Disease","NKX2-3"
"1037","Crohn Disease","DENND1B"
"1038","Crohn Disease","DNMT3A"
"1039","Crohn Disease","ELF1"
"1040","Crohn Disease","TMEM17"
"1041","Crohn Disease","CCNY"
"1042","Crohn Disease","JAZF1"
"1043","Crohn Disease","ZNF365"
"1044","Crohn Disease","SBNO2"
"1045","Crohn Disease","FN1"
"1046","Crohn Disease","FPR2"
"1047","Crohn Disease","FUT2"
"1048","Crohn Disease","PTPN22"
"1049","Crohn Disease","GCKR"
"1050","Crohn Disease","MUC19"
"1051","Crohn Disease","PTRF"
"1052","Crohn Disease","LOC285626"
"1053","Crohn Disease","HLA-DRB1"
"1054","Crohn Disease","FAM92B"
"1055","Crohn Disease","IRGM"
"1056","Crohn Disease","IFNG"
"1057","Crohn Disease","IFNGR2"
"1058","Crohn Disease","IGF1"
"1059","Crohn Disease","IL2RA"
"1060","Crohn Disease","IL6"
"1061","Crohn Disease","IL10"
"1062","Crohn Disease","IL12B"
"1063","Crohn Disease","LEP"
"1064","Crohn Disease","C1orf141"
"1065","Crohn Disease","LTA"
"1066","Crohn Disease","SMAD3"
"1067","Crohn Disease","MLN"
"1068","Crohn Disease","C5orf56"
"1069","Crohn Disease","MST1"
"1070","Crohn Disease","NCF4"
"1071","Crohn Disease","CD244"
"1072","Crohn Disease","TLR9"
"1073","Crohn Disease","PPARA"
"1074","Crohn Disease","PPARG"
"1075","Crohn Disease","CDKAL1"
"1076","Crohn Disease","BANK1"
"1077","Crohn Disease","ATG16L1"
"1078","Crohn Disease","PPP5C"
"1079","Crohn Disease","ITLN1"
"1080","Crohn Disease","C1orf106"
"1081","Crohn Disease","BTNL2"
"1082","Crohn Disease","PSMB10"
"1083","Crohn Disease","ZMIZ1"
"1084","Crohn Disease","SLAIN2"
"1085","Crohn Disease","PTPN2"
"1086","Crohn Disease","BACH2"
"1087","Crohn Disease","SLC22A23"
"1088","Crohn Disease","CCL2"
"1089","Crohn Disease","THADA"
"1090","Crohn Disease","NOD2"
"1091","Crohn Disease","ERAP2"
"1092","Crohn Disease","CARD9"
"1093","Crohn Disease","MROH3P"
"1094","Crohn Disease","SLC11A1"
"1095","Crohn Disease","STAT3"
"1096","Crohn Disease","SCARNA5"
"1097","Crohn Disease","TLR4"
"1098","Crohn Disease","TNF"
"1099","Crohn Disease","TYK2"
"1100","Crohn Disease","UBE2L3"
"1101","Crohn Disease","VTN"
"1102","Crohn Disease","TMEM258"
"1103","Crohn Disease","ANKRD55"
"1104","Crohn Disease","CPEB4"
"1105","Crohn Disease","C21orf33"
"1106","Crohn Disease","ZGPAT"
"1107","Crohn Disease","GPR65"
"1108","Crohn Disease","RSPO3"
"1109","Crohn Disease","RNASET2"
"1110","Crohn Disease","SOCS1"
"1111","Crohn Disease","IL18RAP"
"1112","Crohn Disease","KSR1"
"1113","Crohn Disease","PER3"
"1114","Crohn Disease","BSN"
"1115","Crohn Disease","PHOX2B"
"1116","Crohn Disease","SKAP2"
"1117","Crohn Disease","MAGI1"
"1118","Crohn Disease","ADIPOQ"
"1119","Crohn Disease","CLCA2"
"1120","Crohn Disease","FCHSD2"
"1121","Crohn Disease","TNFSF15"
"1122","Crohn Disease","NR1H4"
"1123","Mucositis","CSF2"
"1124","Mucositis","CSF3"
"1125","Mucositis","IL1B"
"1126","Mucositis","IL1RN"
"1127","Mucositis","IL10"
"1128","Mucositis","MTHFR"
"1129","Mucositis","TFF3"
"1130","Mucositis","TGFA"
"1131","Gastrointestinal Hemorrhage","CSF2"
"1132","Gastrointestinal Hemorrhage","LTF"
"1133","Gastrointestinal Hemorrhage","AVP"
"1134","Peptic Ulcer Hemorrhage","CYP2C9"
"1135","Peptic Ulcer Hemorrhage","AGT"
"1136","Intestinal Diseases","PPIF"
"1137","Intestinal Diseases","SGOL1"
"1138","Intestinal Diseases","DDIT3"
"1139","Intestinal Diseases","MYO5B"
"1140","Intestinal Diseases","NOS2"
"1141","Irritable Bowel Syndrome","SPATA5"
"1142","Irritable Bowel Syndrome","IL10"
"1143","Megacolon","SLC8A1"
"1144","Peptic Ulcer","EDN1"
"1145","Peptic Ulcer","GAST"
"1146","Peptic Ulcer","IL1B"
"1147","Duodenal Ulcer","ABO"
"1148","Duodenal Ulcer","NOS2"
"1149","Duodenal Ulcer","PLA2G4A"
"1150","Duodenal Ulcer","PTGS2"
"1151","Duodenal Ulcer","TGFB1"
"1152","Duodenal Ulcer","PSCA"
"1153","Stomach Ulcer","ADM"
"1154","Stomach Ulcer","EGF"
"1155","Stomach Ulcer","EPO"
"1156","Stomach Ulcer","NRG1"
"1157","Stomach Ulcer","IAPP"
"1158","Stomach Ulcer","IL1B"
"1159","Stomach Ulcer","LEP"
"1160","Stomach Ulcer","MMP9"
"1161","Stomach Ulcer","NOS2"
"1162","Stomach Ulcer","NOS3"
"1163","Stomach Ulcer","GHRL"
"1164","Stomach Ulcer","PTGS1"
"1165","Stomach Ulcer","PTGS2"
"1166","Stomach Ulcer","TNF"
"1167","Stomach Ulcer","VEGFA"
"1168","Stomach Ulcer","VGF"
"1169","Stomach Ulcer","CAT"
"1170","Stomach Ulcer","CCK"
"1171","Intestinal Obstruction","SLC6A14"
"1172","Intestinal Obstruction","SLC26A9"
"1173","Intestinal Obstruction","SLC9A3"
"1174","Intestinal Pseudo-Obstruction","CLMP"
"1175","Intestinal Perforation","IFNA2"
"1176","Intestinal Perforation","NOS1"
"1177","Intestinal Perforation","NOS3"
"1178","Peutz-Jeghers Syndrome","DEFA5"
"1179","Peutz-Jeghers Syndrome","STK11"
"1180","Malabsorption Syndromes","SLC46A1"
"1181","Celiac Disease","UQCRC2P1"
"1182","Celiac Disease","CELIAC6"
"1183","Celiac Disease","CELIAC8"
"1184","Celiac Disease","CELIAC9"
"1185","Celiac Disease","CELIAC10"
"1186","Celiac Disease","CELIAC11"
"1187","Celiac Disease","CELIAC12"
"1188","Celiac Disease","CELIAC13"
"1189","Celiac Disease","SH2B3"
"1190","Celiac Disease","CELIAC7"
"1191","Celiac Disease","LOC101927156"
"1192","Celiac Disease","LOC101927840"
"1193","Celiac Disease","IL12A-AS1"
"1194","Celiac Disease","DLEU1"
"1195","Celiac Disease","TAGAP"
"1196","Celiac Disease","CCR4"
"1197","Celiac Disease","CTLA4"
"1198","Celiac Disease","YDJC"
"1199","Celiac Disease","PUS10"
"1200","Celiac Disease","NKAIN2"
"1201","Celiac Disease","ETS1"
"1202","Celiac Disease","FRMD4B"
"1203","Celiac Disease","ICOSLG"
"1204","Celiac Disease","C17orf78"
"1205","Celiac Disease","ICOS"
"1206","Celiac Disease","ACACA"
"1207","Celiac Disease","HLA-DPB1"
"1208","Celiac Disease","HLA-DQA1"
"1209","Celiac Disease","HLA-DQB1"
"1210","Celiac Disease","CELIAC2"
"1211","Celiac Disease","CELIAC5"
"1212","Celiac Disease","IL15"
"1213","Celiac Disease","THEMIS"
"1214","Celiac Disease","LPP"
"1215","Celiac Disease","MYO9B"
"1216","Celiac Disease","PPP1R12B"
"1217","Celiac Disease","NFIA"
"1218","Celiac Disease","PLEK"
"1219","Celiac Disease","MYNN"
"1220","Celiac Disease","ZMIZ1"
"1221","Celiac Disease","ARHGAP31"
"1222","Celiac Disease","PTPN2"
"1223","Celiac Disease","IL21"
"1224","Celiac Disease","BACH2"
"1225","Celiac Disease","ATXN2"
"1226","Celiac Disease","TGM2"
"1227","Celiac Disease","WNT3"
"1228","Celiac Disease","MMEL1"
"1229","Celiac Disease","KIAA1109"
"1230","Celiac Disease","RUNX3"
"1231","Celiac Disease","TNFRSF14"
"1232","Celiac Disease","IL18R1"
"1233","Celiac Disease","CD247"
"1234","Celiac Disease","CD80"
"1235","Celiac Disease","ELMO1"
"1236","Mesenteric Vascular Occlusion","SERPIND1"
"1237","Mesenteric Vascular Occlusion","JAK2"
"1238","Protein-Losing Enteropathies","MC1R"
"1239","Hemorrhoids","PON1"
"1240","Stomach Diseases","GCG"
"1241","Stomach Diseases","ANXA1"
"1242","Gastric Antral Vascular Ectasia","CTC1"
"1243","Gastroparesis","HMOX1"
"1244","Liver Diseases","CCR1"
"1245","Liver Diseases","LTB4R"
"1246","Liver Diseases","COL3A1"
"1247","Liver Diseases","CSF3"
"1248","Liver Diseases","CYP1A2"
"1249","Liver Diseases","NQO1"
"1250","Liver Diseases","AFP"
"1251","Liver Diseases","AHR"
"1252","Liver Diseases","ENO3"
"1253","Liver Diseases","ALAD"
"1254","Liver Diseases","DDAH1"
"1255","Liver Diseases","AMACR"
"1256","Liver Diseases","ALOX5AP"
"1257","Liver Diseases","ALPL"
"1258","Liver Diseases","GABRR2"
"1259","Liver Diseases","GGT1"
"1260","Liver Diseases","LAT"
"1261","Liver Diseases","HPGDS"
"1262","Liver Diseases","GRK5"
"1263","Liver Diseases","GPT"
"1264","Liver Diseases","HK3"
"1265","Liver Diseases","HMOX1"
"1266","Liver Diseases","HSPA1A"
"1267","Liver Diseases","IL1RAP"
"1268","Liver Diseases","IL9R"
"1269","Liver Diseases","IL11"
"1270","Liver Diseases","ITGB6"
"1271","Liver Diseases","JUP"
"1272","Liver Diseases","MMP9"
"1273","Liver Diseases","MTHFR"
"1274","Liver Diseases","NFKB1"
"1275","Liver Diseases","NOS2"
"1276","Liver Diseases","NPC1"
"1277","Liver Diseases","SERPINA1"
"1278","Liver Diseases","ATP7B"
"1279","Liver Diseases","TREM1"
"1280","Liver Diseases","ASAH2"
"1281","Liver Diseases","RAC1"
"1282","Liver Diseases","ACTA2"
"1283","Liver Diseases","BCL2L1"
"1284","Liver Diseases","RNASE6"
"1285","Liver Diseases","SC5D"
"1286","Liver Diseases","SCO1"
"1287","Liver Diseases","CCL2"
"1288","Liver Diseases","SRSF5"
"1289","Liver Diseases","ST8SIA1"
"1290","Liver Diseases","SOD1"
"1291","Liver Diseases","SULT1E1"
"1292","Liver Diseases","TGM1"
"1293","Liver Diseases","TIMP3"
"1294","Liver Diseases","TM4SF4"
"1295","Liver Diseases","TNF"
"1296","Liver Diseases","CCR2"
"1297","Liver Diseases","TXN"
"1298","Liver Diseases","TYROBP"
"1299","Liver Diseases","IL1R2"
"1300","Liver Diseases","CRISPLD2"
"1301","Liver Diseases","SOCS1"
"1302","Liver Diseases","NRP1"
"1303","Liver Diseases","CCK"
"1304","Liver Diseases","SOCS3"
"1305","Liver Diseases","CD3D"
"1306","Liver Diseases","CD86"
"1307","Liver Diseases","CYP7B1"
"1308","Liver Diseases","GNG8"
"1309","Liver Diseases","CD79B"
"1310","Liver Diseases","NR1H4"
"1311","alpha 1-Antitrypsin Deficiency","SERPINA1"
"1312","Fatty Liver","MIR449C"
"1313","Fatty Liver","NR1H3"
"1314","Fatty Liver","CEBPB"
"1315","Fatty Liver","PLIN2"
"1316","Fatty Liver","COL3A1"
"1317","Fatty Liver","CYP2E1"
"1318","Fatty Liver","CYP19A1"
"1319","Fatty Liver","F2"
"1320","Fatty Liver","F2R"
"1321","Fatty Liver","SIRT1"
"1322","Fatty Liver","FGF21"
"1323","Fatty Liver","SLC13A5"
"1324","Fatty Liver","GPT"
"1325","Fatty Liver","GPX1"
"1326","Fatty Liver","HADHB"
"1327","Fatty Liver","HHEX"
"1328","Fatty Liver","FOXA1"
"1329","Fatty Liver","BIRC3"
"1330","Fatty Liver","APOB"
"1331","Fatty Liver","IFNA2"
"1332","Fatty Liver","CXCL8"
"1333","Fatty Liver","INS"
"1334","Fatty Liver","LDLR"
"1335","Fatty Liver","LEP"
"1336","Fatty Liver","MIR10B"
"1337","Fatty Liver","MIR134"
"1338","Fatty Liver","MIR139"
"1339","Fatty Liver","MIR150"
"1340","Fatty Liver","MIR154"
"1341","Fatty Liver","MIR17"
"1342","Fatty Liver","MIR183"
"1343","Fatty Liver","MIR197"
"1344","Fatty Liver","MIR34A"
"1345","Fatty Liver","STS"
"1346","Fatty Liver","MAT1A"
"1347","Fatty Liver","MIR148B"
"1348","Fatty Liver","MTTP"
"1349","Fatty Liver","MYC"
"1350","Fatty Liver","MIR384"
"1351","Fatty Liver","SERPINE1"
"1352","Fatty Liver","SIRT7"
"1353","Fatty Liver","ATP7B"
"1354","Fatty Liver","CYCS"
"1355","Fatty Liver","POMC"
"1356","Fatty Liver","PPARA"
"1357","Fatty Liver","PPARD"
"1358","Fatty Liver","MIR410"
"1359","Fatty Liver","MIR503"
"1360","Fatty Liver","PTMA"
"1361","Fatty Liver","SLC2A2"
"1362","Fatty Liver","MIR542"
"1363","Fatty Liver","SOD2"
"1364","Fatty Liver","SREBF1"
"1365","Fatty Liver","TF"
"1366","Fatty Liver","TLR4"
"1367","Fatty Liver","TNF"
"1368","Fatty Liver","UCP2"
"1369","Fatty Liver","XBP1"
"1370","Fatty Liver","NEIL1"
"1371","Fatty Liver","PNPLA3"
"1372","Fatty Liver","CAT"
"1373","Fatty Liver","NR1I2"
"1374","Fatty Liver","CYP7B1"
"1375","Fatty Liver, Alcoholic","PPARA"
"1376","Fatty Liver, Alcoholic","SOD1"
"1377","Non-alcoholic Fatty Liver Disease","NAFLD1"
"1378","Non-alcoholic Fatty Liver Disease","NAFLD2"
"1379","Non-alcoholic Fatty Liver Disease","CSF2"
"1380","Non-alcoholic Fatty Liver Disease","CYP17A1"
"1381","Non-alcoholic Fatty Liver Disease","ACE"
"1382","Non-alcoholic Fatty Liver Disease","F2"
"1383","Non-alcoholic Fatty Liver Disease","SIRT1"
"1384","Non-alcoholic Fatty Liver Disease","SAMM50"
"1385","Non-alcoholic Fatty Liver Disease","B3GAT1"
"1386","Non-alcoholic Fatty Liver Disease","LAMA1"
"1387","Non-alcoholic Fatty Liver Disease","GSTA1"
"1388","Non-alcoholic Fatty Liver Disease","GSTM1"
"1389","Non-alcoholic Fatty Liver Disease","GSTP1"
"1390","Non-alcoholic Fatty Liver Disease","GSTT1"
"1391","Non-alcoholic Fatty Liver Disease","PARVB"
"1392","Non-alcoholic Fatty Liver Disease","FAS"
"1393","Non-alcoholic Fatty Liver Disease","IL1A"
"1394","Non-alcoholic Fatty Liver Disease","IL3"
"1395","Non-alcoholic Fatty Liver Disease","IL4"
"1396","Non-alcoholic Fatty Liver Disease","LDLR"
"1397","Non-alcoholic Fatty Liver Disease","LEP"
"1398","Non-alcoholic Fatty Liver Disease","LIF"
"1399","Non-alcoholic Fatty Liver Disease","MMP1"
"1400","Non-alcoholic Fatty Liver Disease","NFE2L2"
"1401","Non-alcoholic Fatty Liver Disease","SERPINB2"
"1402","Non-alcoholic Fatty Liver Disease","ATP5B"
"1403","Non-alcoholic Fatty Liver Disease","ABCB4"
"1404","Non-alcoholic Fatty Liver Disease","TM6SF2"
"1405","Non-alcoholic Fatty Liver Disease","PPARA"
"1406","Non-alcoholic Fatty Liver Disease","PPARD"
"1407","Non-alcoholic Fatty Liver Disease","PRF1"
"1408","Non-alcoholic Fatty Liver Disease","RAG2"
"1409","Non-alcoholic Fatty Liver Disease","SREBF1"
"1410","Non-alcoholic Fatty Liver Disease","TGFB1"
"1411","Non-alcoholic Fatty Liver Disease","TNFRSF1B"
"1412","Non-alcoholic Fatty Liver Disease","XBP1"
"1413","Non-alcoholic Fatty Liver Disease","PNPLA3"
"1414","Non-alcoholic Fatty Liver Disease","IKBKG"
"1415","Non-alcoholic Fatty Liver Disease","STC2"
"1416","Non-alcoholic Fatty Liver Disease","CD14"
"1417","Non-alcoholic Fatty Liver Disease","ADIPOQ"
"1418","Non-alcoholic Fatty Liver Disease","SCARB1"
"1419","Liver Failure","F2"
"1420","Liver Failure","ACADM"
"1421","Liver Failure","ORM1"
"1422","Liver Failure","VEGFA"
"1423","End Stage Liver Disease","MAOA"
"1424","End Stage Liver Disease","NOS1"
"1425","End Stage Liver Disease","ABCB4"
"1426","End Stage Liver Disease","TSPO"
"1427","Hepatic Encephalopathy","GABRA1"
"1428","Hepatic Encephalopathy","GABRB1"
"1429","Hepatic Encephalopathy","GABRG2"
"1430","Hepatic Encephalopathy","GC"
"1431","Hepatic Encephalopathy","GLUL"
"1432","Hepatic Encephalopathy","LTA"
"1433","Hepatic Encephalopathy","MAOA"
"1434","Hepatic Encephalopathy","MAOB"
"1435","Hepatic Encephalopathy","NOS1"
"1436","Hepatic Encephalopathy","OPRM1"
"1437","Hepatic Encephalopathy","PRKDC"
"1438","Hepatic Encephalopathy","TSPO"
"1439","Hepatic Encephalopathy","TNF"
"1440","Liver Failure, Acute","GPNMB"
"1441","Liver Failure, Acute","FST"
"1442","Liver Failure, Acute","CSF3"
"1443","Liver Failure, Acute","ALB"
"1444","Liver Failure, Acute","GC"
"1445","Liver Failure, Acute","GFER"
"1446","Liver Failure, Acute","HGF"
"1447","Liver Failure, Acute","FAS"
"1448","Liver Failure, Acute","IL1RN"
"1449","Liver Failure, Acute","FASLG"
"1450","Liver Failure, Acute","INHBA"
"1451","Liver Failure, Acute","INS"
"1452","Liver Failure, Acute","KRT8"
"1453","Liver Failure, Acute","KRT18"
"1454","Liver Failure, Acute","SERPINC1"
"1455","Liver Failure, Acute","ATP7B"
"1456","Liver Failure, Acute","POMC"
"1457","Liver Failure, Acute","MAPK8"
"1458","Liver Failure, Acute","SCO1"
"1459","Liver Failure, Acute","TNF"
"1460","Liver Failure, Acute","CAST"
"1461","Liver Failure, Acute","CD74"
"1462","Massive Hepatic Necrosis","PRKDC"
"1463","Hepatic Veno-Occlusive Disease","OCLN"
"1464","Hepatic Veno-Occlusive Disease","CSF3"
"1465","Hepatitis","PARP1"
"1466","Hepatitis","ALB"
"1467","Hepatitis","F2R"
"1468","Hepatitis","GABRG3"
"1469","Hepatitis","GNMT"
"1470","Hepatitis","GZMB"
"1471","Hepatitis","HMOX1"
"1472","Hepatitis","IFNG"
"1473","Hepatitis","FASLG"
"1474","Hepatitis","INS"
"1475","Hepatitis","LOC400499"
"1476","Hepatitis","CASC15"
"1477","Hepatitis","ENPP2"
"1478","Hepatitis","ATP7B"
"1479","Hepatitis","SPARC"
"1480","Hepatitis","TF"
"1481","Hepatitis","SYT16"
"1482","Hepatitis","CAT"
"1483","Hepatitis","NAV2"
"1484","Hepatitis","KEAP1"
"1485","Hepatitis, Alcoholic","CCL5"
"1486","Hepatitis, Alcoholic","TNF"
"1487","Hepatitis, Animal","UBD"
"1488","Hepatitis, Animal","H19"
"1489","Hepatitis, Animal","LCN2"
"1490","Hepatitis, Animal","TFF3"
"1491","Hepatitis, Infectious Canine","COL4A1"
"1492","Hepatitis, Infectious Canine","COL4A2"
"1493","Hepatitis, Chronic","COX17"
"1494","Hepatitis, Chronic","CP"
"1495","Hepatitis, Chronic","COMMD1"
"1496","Hepatitis, Chronic","GNMT"
"1497","Hepatitis, Chronic","GPX1"
"1498","Hepatitis, Chronic","HGF"
"1499","Hepatitis, Chronic","IFNA2"
"1500","Hepatitis, Chronic","KRT7"
"1501","Hepatitis, Chronic","KRT19"
"1502","Hepatitis, Chronic","SMAD2"
"1503","Hepatitis, Chronic","MET"
"1504","Hepatitis, Chronic","MKI67"
"1505","Hepatitis, Chronic","MT1A"
"1506","Hepatitis, Chronic","ATOX1"
"1507","Hepatitis, Chronic","ATP7A"
"1508","Hepatitis, Chronic","ACTA2"
"1509","Hepatitis, Chronic","SOD1"
"1510","Hepatitis, Chronic","STAT3"
"1511","Hepatitis, Chronic","TGFB1"
"1512","Hepatitis, Chronic","CASP3"
"1513","Hepatitis, Chronic","CAT"
"1514","Hepatitis, Chronic","CCS"
"1515","Hepatitis, Autoimmune","ALDOB"
"1516","Hepatitis, Autoimmune","CXCL1"
"1517","Hepatitis, Autoimmune","IFNG"
"1518","Hepatitis, Autoimmune","IL2"
"1519","Hepatitis, Autoimmune","IL4"
"1520","Hepatitis, Autoimmune","IL5"
"1521","Hepatitis, Autoimmune","IL6"
"1522","Hepatitis, Autoimmune","IL9"
"1523","Hepatitis, Autoimmune","IL10"
"1524","Hepatitis, Autoimmune","IL13"
"1525","Hepatitis, Autoimmune","IL18"
"1526","Hepatitis, Autoimmune","LEP"
"1527","Hepatitis, Autoimmune","IL22"
"1528","Hepatitis, Autoimmune","CCL2"
"1529","Hepatitis, Autoimmune","CCL5"
"1530","Hepatitis, Autoimmune","TGFB1"
"1531","Hepatitis, Autoimmune","C1S"
"1532","Hepatitis B, Chronic","EHMT2"
"1533","Hepatitis B, Chronic","CTGF"
"1534","Hepatitis B, Chronic","HLA-C"
"1535","Hepatitis B, Chronic","HLA-DOA"
"1536","Hepatitis B, Chronic","HLA-DPA1"
"1537","Hepatitis B, Chronic","HLA-DPB1"
"1538","Hepatitis B, Chronic","HLA-DQA2"
"1539","Hepatitis B, Chronic","HLA-DQB2"
"1540","Hepatitis B, Chronic","HP"
"1541","Hepatitis B, Chronic","IFNA2"
"1542","Hepatitis B, Chronic","NOTCH4"
"1543","Hepatitis B, Chronic","CFB"
"1544","Hepatitis B, Chronic","TCF19"
"1545","Hepatitis B, Chronic","UBE2L3"
"1546","Hepatitis B, Chronic","CD40"
"1547","Hepatitis C, Chronic","IFNL4"
"1548","Hepatitis C, Chronic","HP"
"1549","Hepatitis C, Chronic","IFNA2"
"1550","Hepatitis C, Chronic","ITGB6"
"1551","Hepatitis C, Chronic","ITPA"
"1552","Hepatitis C, Chronic","DEPDC5"
"1553","Hepatitis B","CYP2A6"
"1554","Hepatitis B","GRIN2A"
"1555","Hepatitis B","HLA-DPA1"
"1556","Hepatitis B","HLA-DPB1"
"1557","Hepatitis B","HP"
"1558","Hepatitis B","IFNA1"
"1559","Hepatitis B","IFNA2"
"1560","Hepatitis B","IFNAR2"
"1561","Hepatitis B","IFNB1"
"1562","Hepatitis B","IFNG"
"1563","Hepatitis B","IFNGR1"
"1564","Hepatitis B","IL10RB"
"1565","Hepatitis B","LOX"
"1566","Hepatitis B","LOXL2"
"1567","Hepatitis B","SLC10A1"
"1568","Hepatitis B","UBE2L3"
"1569","Hepatitis C","CCR5"
"1570","Hepatitis C","CYP2A6"
"1571","Hepatitis C","CYP3A4"
"1572","Hepatitis C","DDX58"
"1573","Hepatitis C","IFNL3"
"1574","Hepatitis C","HFE"
"1575","Hepatitis C","IFNA2"
"1576","Hepatitis C","IFNG"
"1577","Hepatitis C","LOX"
"1578","Hepatitis C","LOXL2"
"1579","Hepatitis C","LPL"
"1580","Hepatitis C","OPRM1"
"1581","Hepatitis C","PTPRC"
"1582","Hepatitis C","SCARB1"
"1583","Hepatitis C","CD81"
"1584","Hepatolenticular Degeneration","CP"
"1585","Hepatolenticular Degeneration","AHCY"
"1586","Hepatolenticular Degeneration","A2M"
"1587","Hepatolenticular Degeneration","ANXA5"
"1588","Hepatolenticular Degeneration","APOE"
"1589","Hepatolenticular Degeneration","IL6"
"1590","Hepatolenticular Degeneration","CXCL8"
"1591","Hepatolenticular Degeneration","IL10"
"1592","Hepatolenticular Degeneration","LOX"
"1593","Hepatolenticular Degeneration","LOXL2"
"1594","Hepatolenticular Degeneration","ASMT"
"1595","Hepatolenticular Degeneration","NDUFB7"
"1596","Hepatolenticular Degeneration","ATP7B"
"1597","Hepatolenticular Degeneration","SDHAF2"
"1598","Hepatolenticular Degeneration","PPP3CA"
"1599","Hepatolenticular Degeneration","PPP3CB"
"1600","Hepatolenticular Degeneration","PRNP"
"1601","Hepatolenticular Degeneration","ANKS1B"
"1602","Hepatolenticular Degeneration","HAMP"
"1603","Hepatolenticular Degeneration","BHMT"
"1604","Hepatolenticular Degeneration","SNCA"
"1605","Hepatolenticular Degeneration","TIMP1"
"1606","Hepatolenticular Degeneration","TNF"
"1607","Hepatolenticular Degeneration","CAMK2A"
"1608","Hepatomegaly","CYP1A2"
"1609","Hepatomegaly","LEPR"
"1610","Hepatomegaly","TRIM37"
"1611","Hepatomegaly","PEPD"
"1612","Hepatomegaly","PPARA"
"1613","Hepatomegaly","SLC29A3"
"1614","Hepatomegaly","NR1I2"
"1615","Hepatomegaly","ATG5"
"1616","Hepatomegaly","ADAMTSL2"
"1617","Hepatomegaly","NR1I3"
"1618","Hepatorenal Syndrome","EDN1"
"1619","Hepatorenal Syndrome","HMOX1"
"1620","Hypertension, Portal","NOS3"
"1621","Hypertension, Portal","AVP"
"1622","Hypertension, Portal","VEGFA"
"1623","Liver Cirrhosis","MIR764"
"1624","Liver Cirrhosis","CHRM3"
"1625","Liver Cirrhosis","CYP2R1"
"1626","Liver Cirrhosis","CNR1"
"1627","Liver Cirrhosis","CNR2"
"1628","Liver Cirrhosis","COL1A1"
"1629","Liver Cirrhosis","COL3A1"
"1630","Liver Cirrhosis","ADRA1A"
"1631","Liver Cirrhosis","CTGF"
"1632","Liver Cirrhosis","CTNNB1"
"1633","Liver Cirrhosis","COMMD1"
"1634","Liver Cirrhosis","CYP27A1"
"1635","Liver Cirrhosis","DHCR7"
"1636","Liver Cirrhosis","AGT"
"1637","Liver Cirrhosis","ANKS6"
"1638","Liver Cirrhosis","ALB"
"1639","Liver Cirrhosis","F2"
"1640","Liver Cirrhosis","F2R"
"1641","Liver Cirrhosis","F3"
"1642","Liver Cirrhosis","F5"
"1643","Liver Cirrhosis","FGF2"
"1644","Liver Cirrhosis","FGF7"
"1645","Liver Cirrhosis","FGFR2"
"1646","Liver Cirrhosis","FLT1"
"1647","Liver Cirrhosis","GC"
"1648","Liver Cirrhosis","HGF"
"1649","Liver Cirrhosis","HSD11B2"
"1650","Liver Cirrhosis","IFNA1"
"1651","Liver Cirrhosis","IL6"
"1652","Liver Cirrhosis","JUND"
"1653","Liver Cirrhosis","KRT8"
"1654","Liver Cirrhosis","KRT18"
"1655","Liver Cirrhosis","ARNT"
"1656","Liver Cirrhosis","MIR215"
"1657","Liver Cirrhosis","MIR29C"
"1658","Liver Cirrhosis","MIR30B"
"1659","Liver Cirrhosis","MIR30C2"
"1660","Liver Cirrhosis","SMAD3"
"1661","Liver Cirrhosis","MMP2"
"1662","Liver Cirrhosis","MIR302C"
"1663","Liver Cirrhosis","MIR376C"
"1664","Liver Cirrhosis","NFE2L2"
"1665","Liver Cirrhosis","NPC1"
"1666","Liver Cirrhosis","NPPA"
"1667","Liver Cirrhosis","ABCB4"
"1668","Liver Cirrhosis","SERPINA1"
"1669","Liver Cirrhosis","PLAU"
"1670","Liver Cirrhosis","ATP7B"
"1671","Liver Cirrhosis","TRPM7"
"1672","Liver Cirrhosis","SLC30A10"
"1673","Liver Cirrhosis","MIR503"
"1674","Liver Cirrhosis","ACTA2"
"1675","Liver Cirrhosis","REN"
"1676","Liver Cirrhosis","CCL2"
"1677","Liver Cirrhosis","SPARC"
"1678","Liver Cirrhosis","SPP1"
"1679","Liver Cirrhosis","STAT1"
"1680","Liver Cirrhosis","TGFB1"
"1681","Liver Cirrhosis","THBS1"
"1682","Liver Cirrhosis","TNFRSF1B"
"1683","Liver Cirrhosis","VEGFA"
"1684","Liver Cirrhosis","SERPINH1"
"1685","Liver Cirrhosis","TMEM67"
"1686","Liver Cirrhosis","CD14"
"1687","Liver Cirrhosis, Alcoholic","COL3A1"
"1688","Liver Cirrhosis, Alcoholic","CYP2E1"
"1689","Liver Cirrhosis, Alcoholic","IL6"
"1690","Liver Cirrhosis, Alcoholic","SMAD3"
"1691","Liver Cirrhosis, Alcoholic","MMP2"
"1692","Liver Cirrhosis, Alcoholic","MPO"
"1693","Liver Cirrhosis, Alcoholic","TM6SF2"
"1694","Liver Cirrhosis, Alcoholic","BCL2"
"1695","Liver Cirrhosis, Alcoholic","RELA"
"1696","Liver Cirrhosis, Alcoholic","SOD2"
"1697","Liver Cirrhosis, Alcoholic","TGFB1"
"1698","Liver Cirrhosis, Alcoholic","TIMP1"
"1699","Liver Cirrhosis, Alcoholic","TNF"
"1700","Liver Cirrhosis, Alcoholic","MBOAT7"
"1701","Liver Cirrhosis, Alcoholic","PNPLA3"
"1702","Liver Cirrhosis, Alcoholic","CAT"
"1703","Liver Cirrhosis, Experimental","CDO1"
"1704","Liver Cirrhosis, Experimental","ALDH1L1"
"1705","Liver Cirrhosis, Experimental","HPSE"
"1706","Liver Cirrhosis, Experimental","CYGB"
"1707","Liver Cirrhosis, Experimental","CNR1"
"1708","Liver Cirrhosis, Experimental","ADH4"
"1709","Liver Cirrhosis, Experimental","COL3A1"
"1710","Liver Cirrhosis, Experimental","ADM"
"1711","Liver Cirrhosis, Experimental","ADORA2A"
"1712","Liver Cirrhosis, Experimental","CPS1"
"1713","Liver Cirrhosis, Experimental","CSF3"
"1714","Liver Cirrhosis, Experimental","CYP1A2"
"1715","Liver Cirrhosis, Experimental","CYP17A1"
"1716","Liver Cirrhosis, Experimental","DIO1"
"1717","Liver Cirrhosis, Experimental","AFP"
"1718","Liver Cirrhosis, Experimental","AGT"
"1719","Liver Cirrhosis, Experimental","EDN1"
"1720","Liver Cirrhosis, Experimental","ALB"
"1721","Liver Cirrhosis, Experimental","ALDH1A1"
"1722","Liver Cirrhosis, Experimental","ALDH2"
"1723","Liver Cirrhosis, Experimental","FABP7"
"1724","Liver Cirrhosis, Experimental","ALDH1B1"
"1725","Liver Cirrhosis, Experimental","FGF2"
"1726","Liver Cirrhosis, Experimental","FMO1"
"1727","Liver Cirrhosis, Experimental","CES3"
"1728","Liver Cirrhosis, Experimental","AMACR"
"1729","Liver Cirrhosis, Experimental","SLC37A4"
"1730","Liver Cirrhosis, Experimental","GCK"
"1731","Liver Cirrhosis, Experimental","GH1"
"1732","Liver Cirrhosis, Experimental","GHR"
"1733","Liver Cirrhosis, Experimental","GOT1"
"1734","Liver Cirrhosis, Experimental","GPT"
"1735","Liver Cirrhosis, Experimental","GSTA2"
"1736","Liver Cirrhosis, Experimental","GSTM1"
"1737","Liver Cirrhosis, Experimental","HGF"
"1738","Liver Cirrhosis, Experimental","HMOX1"
"1739","Liver Cirrhosis, Experimental","HSD17B2"
"1740","Liver Cirrhosis, Experimental","ID2"
"1741","Liver Cirrhosis, Experimental","IFNA1"
"1742","Liver Cirrhosis, Experimental","IFNA2"
"1743","Liver Cirrhosis, Experimental","IFNG"
"1744","Liver Cirrhosis, Experimental","IGF1"
"1745","Liver Cirrhosis, Experimental","IGFBP1"
"1746","Liver Cirrhosis, Experimental","IGFBP2"
"1747","Liver Cirrhosis, Experimental","IL1B"
"1748","Liver Cirrhosis, Experimental","IL10"
"1749","Liver Cirrhosis, Experimental","ILK"
"1750","Liver Cirrhosis, Experimental","AQP7"
"1751","Liver Cirrhosis, Experimental","ITGB6"
"1752","Liver Cirrhosis, Experimental","KNG1"
"1753","Liver Cirrhosis, Experimental","KRT8"
"1754","Liver Cirrhosis, Experimental","KRT18"
"1755","Liver Cirrhosis, Experimental","LBP"
"1756","Liver Cirrhosis, Experimental","LCN2"
"1757","Liver Cirrhosis, Experimental","LEP"
"1758","Liver Cirrhosis, Experimental","LGALS3"
"1759","Liver Cirrhosis, Experimental","SMAD2"
"1760","Liver Cirrhosis, Experimental","SMAD4"
"1761","Liver Cirrhosis, Experimental","MGAT5"
"1762","Liver Cirrhosis, Experimental","ACHE"
"1763","Liver Cirrhosis, Experimental","MME"
"1764","Liver Cirrhosis, Experimental","MMP1"
"1765","Liver Cirrhosis, Experimental","MMP2"
"1766","Liver Cirrhosis, Experimental","MMP8"
"1767","Liver Cirrhosis, Experimental","MMP9"
"1768","Liver Cirrhosis, Experimental","MMP13"
"1769","Liver Cirrhosis, Experimental","MT1A"
"1770","Liver Cirrhosis, Experimental","NFE2L2"
"1771","Liver Cirrhosis, Experimental","NOS2"
"1772","Liver Cirrhosis, Experimental","NOS3"
"1773","Liver Cirrhosis, Experimental","YBX1"
"1774","Liver Cirrhosis, Experimental","NT5E"
"1775","Liver Cirrhosis, Experimental","OSM"
"1776","Liver Cirrhosis, Experimental","PC"
"1777","Liver Cirrhosis, Experimental","PCK1"
"1778","Liver Cirrhosis, Experimental","HAO2"
"1779","Liver Cirrhosis, Experimental","CSAD"
"1780","Liver Cirrhosis, Experimental","PDGFRB"
"1781","Liver Cirrhosis, Experimental","ENPP2"
"1782","Liver Cirrhosis, Experimental","ABCB1"
"1783","Liver Cirrhosis, Experimental","PLG"
"1784","Liver Cirrhosis, Experimental","POMC"
"1785","Liver Cirrhosis, Experimental","SPIN2A"
"1786","Liver Cirrhosis, Experimental","PTGS2"
"1787","Liver Cirrhosis, Experimental","RNASE4"
"1788","Liver Cirrhosis, Experimental","BDH1"
"1789","Liver Cirrhosis, Experimental","CCL2"
"1790","Liver Cirrhosis, Experimental","BMP7"
"1791","Liver Cirrhosis, Experimental","SLC10A1"
"1792","Liver Cirrhosis, Experimental","SLC17A1"
"1793","Liver Cirrhosis, Experimental","SPARC"
"1794","Liver Cirrhosis, Experimental","SULT1E1"
"1795","Liver Cirrhosis, Experimental","SULT2A1"
"1796","Liver Cirrhosis, Experimental","TGFB1"
"1797","Liver Cirrhosis, Experimental","TGFBR2"
"1798","Liver Cirrhosis, Experimental","TIMP1"
"1799","Liver Cirrhosis, Experimental","TNF"
"1800","Liver Cirrhosis, Experimental","VEGFA"
"1801","Liver Cirrhosis, Experimental","TRPV1"
"1802","Liver Cirrhosis, Experimental","CA3"
"1803","Liver Cirrhosis, Experimental","INHBE"
"1804","Liver Cirrhosis, Experimental","NR0B2"
"1805","Liver Cirrhosis, Experimental","HSD17B6"
"1806","Liver Cirrhosis, Experimental","SOCS1"
"1807","Liver Cirrhosis, Experimental","SERPINH1"
"1808","Liver Cirrhosis, Experimental","CES2"
"1809","Liver Cirrhosis, Experimental","RGN"
"1810","Liver Cirrhosis, Experimental","ADIPOQ"
"1811","Liver Cirrhosis, Experimental","RPH3AL"
"1812","Liver Diseases, Alcoholic","RBP4"
"1813","Liver Diseases, Alcoholic","SPP1"
"1814","Liver Diseases, Alcoholic","PNPLA3"
"1815","Liver Diseases, Parasitic","CYP2A6"
"1816","Liver Diseases, Parasitic","GNAS"
"1817","Liver Diseases, Parasitic","KRAS"
"1818","Liver Diseases, Parasitic","SMAD4"
"1819","Liver Diseases, Parasitic","PEG3"
"1820","Liver Diseases, Parasitic","RNF43"
"1821","Liver Diseases, Parasitic","KMT2C"
"1822","Liver Diseases, Parasitic","ROBO2"
"1823","Liver Diseases, Parasitic","TP53"
"1824","Peliosis Hepatis","F2RL3"
"1825","Porphyrias, Hepatic","ALAD"
"1826","Coproporphyria, Hereditary","CPOX"
"1827","Porphyria, Acute Intermittent","HMBS"
"1828","Porphyria Cutanea Tarda","CPOX"
"1829","Porphyria Cutanea Tarda","CYP1A2"
"1830","Porphyria Cutanea Tarda","HFE"
"1831","Porphyria Cutanea Tarda","UROD"
"1832","Porphyria, Hepatoerythropoietic","UROD"
"1833","Porphyria, Variegate","PPOX"
"1834","Protoporphyria, Erythropoietic","EREG"
"1835","Protoporphyria, Erythropoietic","ALAS2"
"1836","Protoporphyria, Erythropoietic","FECH"
"1837","Protoporphyria, Erythropoietic","AREG"
"1838","Protoporphyria, Erythropoietic","BTC"
"1839","Zellweger Syndrome","HSD17B4"
"1840","Zellweger Syndrome","PEX1"
"1841","Zellweger Syndrome","PEX6"
"1842","Zellweger Syndrome","PEX10"
"1843","Zellweger Syndrome","PEX12"
"1844","Zellweger Syndrome","PEX13"
"1845","Zellweger Syndrome","PEX14"
"1846","Zellweger Syndrome","PEX26"
"1847","Zellweger Syndrome","PEX19"
"1848","Zellweger Syndrome","ABCD3"
"1849","Zellweger Syndrome","PEX2"
"1850","Zellweger Syndrome","PEX5"
"1851","Zellweger Syndrome","PEX3"
"1852","Zellweger Syndrome","PEX11B"
"1853","Zellweger Syndrome","PEX16"
"1854","Pancreatic Diseases","AGER"
"1855","Pancreatic Diseases","ALB"
"1856","Pancreatic Diseases","HMOX1"
"1857","Pancreatic Diseases","LEPR"
"1858","Pancreatic Diseases","POMC"
"1859","Pancreatic Diseases","SPP1"
"1860","Congenital Hyperinsulinism","ABCC8"
"1861","Nesidioblastosis","KCNJ11"
"1862","Cystic Fibrosis","CFTR"
"1863","Cystic Fibrosis","CLCA4"
"1864","Cystic Fibrosis","DCTN4"
"1865","Cystic Fibrosis","SCNN1A"
"1866","Cystic Fibrosis","SCNN1B"
"1867","Cystic Fibrosis","SCNN1G"
"1868","Cystic Fibrosis","STX1A"
"1869","Cystic Fibrosis","TGFB1"
"1870","Cystic Fibrosis","TNFRSF1A"
"1871","Exocrine Pancreatic Insufficiency","CELA3B"
"1872","Pancreatitis","LOC101929279"
"1873","Pancreatitis","CFTR"
"1874","Pancreatitis","CNR1"
"1875","Pancreatitis","CNR2"
"1876","Pancreatitis","ALB"
"1877","Pancreatitis","NUPR1"
"1878","Pancreatitis","HGF"
"1879","Pancreatitis","HLA-DQA1"
"1880","Pancreatitis","HLA-DRB1"
"1881","Pancreatitis","INS"
"1882","Pancreatitis","LPL"
"1883","Pancreatitis","MPO"
"1884","Pancreatitis","PPP3CA"
"1885","Pancreatitis","PRSS1"
"1886","Pancreatitis","PTGS2"
"1887","Pancreatitis","SPINK1"
"1888","Pancreatitis","SST"
"1889","Pancreatitis","TRPV1"
"1890","Pancreatitis","MORC4"
"1891","Pancreatitis","CCK"
"1892","Pancreatitis","CLDN2"
"1893","Pancreatitis, Alcoholic","PTHLH"
"1894","Pancreatitis, Chronic","CEL"
"1895","Pancreatitis, Chronic","CELP"
"1896","Pancreatitis, Chronic","CFTR"
"1897","Pancreatitis, Chronic","CTRC"
"1898","Pancreatitis, Chronic","CPA1"
"1899","Pancreatitis, Chronic","PRSS1"
"1900","Pancreatitis, Chronic","PRSS2"
"1901","Pancreatitis, Chronic","SPINK1"
"1902","Peritoneal Fibrosis","TGFB1"
"1903","Peritonitis","GSK3B"
"1904","Peritonitis","IFNG"
"1905","Peritonitis","C5"
